{"0.0": [[0.9973863791736344, 0.010548795251915153, 40], [0.9674682007959816, 0.054867958474328155, 100], [0.7524903455350216, 0.18483921658621905, 400], [1, 1, 4000]], "0.2": [[0.9808497287998847, 0.012484352254736528, 40], [0.9607617406701111, 0.04637606605640942, 100], [0.7372548751489669, 0.23671757532236742, 400], [1, 1, 4000]], "0.4": [[0.9411420816572085, 0.024868594118413218, 40], [0.9145164895538322, 0.05261317414136641, 100], [0.7026104016131923, 0.16300791857481747, 400], [1, 1, 4000]], "0.6": [[0.8338182353681844, 0.08667916541423178, 40], [0.7913982522151974, 0.11844039423997019, 100], [0.537288587522333, 0.20395921067430017, 400], [1, 1, 4000]], "0.8": [[0.7909398891192972, 0.09726223532137579, 40], [0.6374047966319372, 0.15283480192081036, 100], [0.3684160505029295, 0.15923232559625608, 400], [1, 1, 4000]], "1.0": [[0.6493906584860518, 0.1046084330744891, 40], [0.4951537338707671, 0.15167777917318442, 100], [0.28114050776340405, 0.10475128376158972, 400], [1, 1, 4000]], "1.2": [[0.5488358892984369, 0.13658970667531992, 40], [0.4530150404261931, 0.15016299577638703, 100], [0.27545810432948614, 0.11479994424238976, 400], [1, 1, 4000]], "1.4": [[0.44043306231350743, 0.1428122471413692, 40], [0.25587944480877006, 0.1315040433473959, 100], [0.18628679894083305, 0.08409099356248248, 400], [1, 1, 4000]], "1.6": [[0.38713240694484014, 0.12936191152195245, 40], [0.22368558766486704, 0.12022936522350615, 100], [0.12425202440392694, 0.04826365515762349, 400], [1, 1, 4000]], "1.8": [[0.2419470794108079, 0.10166099485451177, 40], [0.15781774733883602, 0.07917867800620718, 100], [0.09257514723655547, 0.04686419086878512, 400], [1, 1, 4000]], "2.0": [[0.16801321811374187, 0.09718040912019694, 40], [0.1067786721714578, 0.04805671298697847, 100], [0.05536508284810887, 0.03374690270765667, 400], [1, 1, 4000]], "2.2": [[0.19878242253573833, 0.095644710254234, 40], [0.09714998517756739, 0.05574211672787565, 100], [0.061460454824141995, 0.028172721462474626, 400], [1, 1, 4000]], "2.4": [[0.14691913017564154, 0.06820537660230702, 40], [0.08237299427641216, 0.0442484881125357, 100], [0.046052674658239826, 0.02410340147293511, 400], [1, 1, 4000]], "2.6": [[0.13628378274949388, 0.06342638463291556, 40], [0.10021487609941652, 0.03910873664326221, 100], [0.04425064672128639, 0.026780050222994397, 400], [1, 1, 4000]], "2.8": [[0.15476096589617921, 0.07751806969620444, 40], [0.0844673358169073, 0.04556289927100729, 100], [0.04335981302577298, 0.020638591242845596, 400], [1, 1, 4000]], "3.0": [[0.15244159668713458, 0.07189919020860344, 40], [0.07718216550840297, 0.054936328273474125, 100], [0.04547061422048894, 0.029102567738351973, 400], [1, 1, 4000]], "3.2": [[0.15800223081624867, 0.08119139579319609, 40], [0.08545413297141272, 0.045239369140941475, 100], [0.04340724957560474, 0.027425277909573463, 400], [1, 1, 4000]], "3.4": [[0.14618233185663565, 0.08214741596607511, 40], [0.06572528663552595, 0.03511179264842143, 100], [0.045697866332237824, 0.022181975311276872, 400], [1, 1, 4000]], "3.6": [[0.1195770083811423, 0.047438582704032284, 40], [0.09142144913491687, 0.04755506561721548, 100], [0.05006319783987234, 0.019878165768845994, 400], [1, 1, 4000]], "3.8": [[0.1542391905571727, 0.07879368090989561, 40], [0.1036267984905159, 0.0471481603208195, 100], [0.053288009639428646, 0.022939549750408645, 400], [1, 1, 4000]], "4.0": [[0.11972349158863696, 0.05747020640054741, 40], [0.07742529927403657, 0.04217294178847097, 100], [0.053806068305619195, 0.021313474330594207, 400], [1, 1, 4000]], "4.2": [[0.11992545604767857, 0.08022643881683694, 40], [0.07687526045100793, 0.03756813535712851, 100], [0.042092878642718795, 0.023758888150674333, 400], [1, 1, 4000]], "4.4": [[0.14033016549992303, 0.05884218612919509, 40], [0.10081808407175959, 0.05025066538082392, 100], [0.05123370832272835, 0.018186173168745486, 400], [1, 1, 4000]], "4.6": [[0.12421046934435512, 0.06275859882835777, 40], [0.08496404364622993, 0.04338045497588026, 100], [0.03692423974802236, 0.020667538624682073, 400], [1, 1, 4000]], "4.8": [[0.14489595192573065, 0.07126462327985202, 40], [0.09115107298628153, 0.043001141981150015, 100], [0.04282862999625484, 0.017208408531261585, 400], [1, 1, 4000]], "5.0": [[0.15464639942994857, 0.07372420484363067, 40], [0.08098561944754326, 0.03819285825365978, 100], [0.03771263155408342, 0.01712265607461783, 400]]}